"fixed.acidity","volatile.acidity","citric.acid","residual.sugar","chlorides","free.sulfur.dioxide","total.sulfur.dioxide","density","pH","sulphates","alcohol","prediction"
7,0.27,0.36,20.7,0.045,45,170,1.001,3,0.45,8.8,6
8.1,0.22,0.43,1.5,0.044,28,129,0.9938,3.22,0.45,11,5
7.9,0.18,0.37,1.2,0.04,16,75,0.992,3.18,0.63,10.8,6
8.3,0.42,0.62,19.25,0.04,41,172,1.0002,2.98,0.67,9.7,5
6.5,0.31,0.14,7.5,0.044,34,133,0.9955,3.22,0.5,9.5,5
6.2,0.66,0.48,1.2,0.029,29,75,0.9892,3.33,0.39,12.8,6
6.4,0.31,0.38,2.9,0.038,19,102,0.9912,3.17,0.35,11,6
6.8,0.26,0.42,1.7,0.049,41,122,0.993,3.47,0.48,10.5,6
7,0.28,0.39,8.7,0.051,32,141,0.9961,3.38,0.53,10.5,6
7.4,0.27,0.48,1.1,0.047,17,132,0.9914,3.19,0.49,11.6,6
6.2,0.12,0.34,1.5,0.045,43,117,0.9939,3.42,0.51,9,6
7.3,0.24,0.39,17.95,0.057,45,149,0.9999,3.21,0.36,8.6,5
6.7,0.24,0.39,2.9,0.173,63,157,0.9937,3.1,0.34,9.4,5
7,0.31,0.26,7.4,0.069,28,160,0.9954,3.13,0.46,9.8,6
6.2,0.16,0.33,1.1,0.057,21,82,0.991,3.32,0.46,10.9,6
6,0.19,0.26,12.4,0.048,50,147,0.9972,3.3,0.36,8.9,5
7.4,0.2,0.36,1.2,0.038,44,111,0.9926,3.36,0.34,9.9,6
6.8,0.22,0.24,4.9,0.092,30,123,0.9951,3.03,0.46,8.6,5
7,0.47,0.07,1.1,0.035,17,151,0.991,3.02,0.34,10.5,5
7.2,0.24,0.27,1.4,0.038,31,122,0.9927,3.15,0.46,10.3,6
6.8,0.3,0.23,4.6,0.061,50.5,238.5,0.9958,3.32,0.6,9.5,6
6,0.27,0.28,4.8,0.063,31,201,0.9964,3.69,0.71,10,5
7.4,0.24,0.29,10.1,0.05,21,105,0.9962,3.13,0.35,9.5,6
6.7,0.54,0.28,5.4,0.06,21,105,0.9949,3.27,0.37,9,5
7.1,0.44,0.62,11.8,0.044,52,152,0.9975,3.12,0.46,8.7,5
6.8,0.25,0.31,13.3,0.05,69,202,0.9972,3.22,0.48,9.7,6
7.1,0.43,0.61,11.8,0.045,54,155,0.9974,3.11,0.45,8.7,5
7.1,0.26,0.29,12.4,0.044,62,240,0.9969,3.04,0.42,9.2,6
7.4,0.25,0.37,13.5,0.06,52,192,0.9975,3,0.44,9.1,6
6,0.21,0.24,12.1,0.05,55,164,0.997,3.34,0.39,9.4,5
7.5,0.305,0.4,18.9,0.059,44,170,1,2.99,0.46,9,6
7.3,0.13,0.32,14.4,0.051,34,109,0.9974,3.2,0.35,9.2,7
7.1,0.12,0.32,9.6,0.054,64,162,0.9962,3.4,0.41,9.4,6
7.2,0.31,0.5,13.3,0.056,68,195,0.9982,3.01,0.47,9.2,5
6.9,0.19,0.28,5,0.058,14,146,0.9952,3.29,0.36,9.1,6
7.4,0.39,0.23,7,0.033,29,126,0.994,3.14,0.42,10.5,6
6.4,0.595,0.14,5.2,0.058,15,97,0.9951,3.38,0.36,9,5
7.4,0.24,0.42,14,0.066,48,198,0.9979,2.89,0.42,8.9,6
6.3,0.36,0.3,4.8,0.049,14,85,0.9932,3.28,0.39,10.6,6
9.8,0.42,0.48,9.85,0.034,5,110,0.9958,2.87,0.29,10,5
6.3,0.22,0.43,4.55,0.038,31,130,0.9918,3.35,0.33,11.5,6
5.9,0.23,0.3,12.9,0.054,57,170,0.9972,3.28,0.39,9.4,5
6.9,0.27,0.4,14,0.05,64,227,0.9979,3.18,0.58,9.6,5
6.7,0.24,0.41,9.4,0.04,49,166,0.9954,3.12,0.61,9.9,6
6.6,0.28,0.28,8.5,0.052,55,211,0.9962,3.09,0.55,8.9,5
6.8,0.26,0.24,7.8,0.052,54,214,0.9961,3.13,0.47,8.9,5
6.8,0.18,0.38,1.4,0.038,35,111,0.9918,3.32,0.59,11.2,7
6.2,0.25,0.25,1.4,0.03,35,105,0.9912,3.3,0.44,11.1,6
7.1,0.24,0.41,17.8,0.046,39,145,0.9998,3.32,0.39,8.7,6
6.8,0.64,0.08,9.7,0.062,26,142,0.9972,3.37,0.46,8.9,5
8.3,0.28,0.4,7.8,0.041,38,194,0.9976,3.34,0.51,9.6,6
7.2,0.23,0.38,14.3,0.058,55,194,0.9979,3.09,0.44,9,6
7.2,0.23,0.38,14.3,0.058,55,194,0.9979,3.09,0.44,9,6
6.8,0.52,0.32,13.2,0.044,54,221,0.9972,3.27,0.5,9.6,5
6.9,0.4,0.56,11.2,0.043,40,142,0.9975,3.14,0.46,8.7,5
6.4,0.23,0.39,1.8,0.032,23,118,0.9912,3.32,0.5,11.8,6
5.3,0.58,0.07,6.9,0.043,34,149,0.9944,3.34,0.57,9.7,6
5.2,0.6,0.07,7,0.044,33,147,0.9944,3.33,0.58,9.7,6
7.7,0.26,0.4,1.1,0.042,9,60,0.9915,2.89,0.5,10.6,5
6.8,0.32,0.34,1.2,0.044,14,67,0.9919,3.05,0.47,10.6,6
6.1,0.31,0.58,5,0.039,36,114,0.9909,3.3,0.6,12.3,7
6.7,0.34,0.3,15.6,0.054,51,196,0.9982,3.19,0.49,9.3,5
7.3,0.32,0.25,7.2,0.056,47,180,0.9961,3.08,0.47,8.8,5
7.5,0.17,0.44,11.3,0.046,65,146,0.997,3.17,0.45,10,6
6.2,0.33,0.27,4.9,0.036,30,134,0.9927,3.2,0.42,10.4,6
7.8,0.25,0.41,3.7,0.042,37,149,0.9954,3.36,0.45,10,6
6.3,0.23,0.3,1.8,0.033,16,91,0.9906,3.28,0.4,11.8,6
6.3,0.23,0.3,1.8,0.033,16,91,0.9906,3.28,0.4,11.8,6
8,0.24,0.36,1.5,0.047,17,129,0.9948,3.2,0.54,10,5
5.4,0.29,0.47,3,0.052,47,145,0.993,3.29,0.75,10,5
6.1,0.36,0.33,1.1,0.05,24,169,0.9927,3.15,0.78,9.5,6
7.3,0.22,0.37,14.3,0.063,48,191,0.9978,2.89,0.38,9,6
6.9,0.33,0.21,1,0.053,39,148,0.9927,3.12,0.45,9.4,5
6.9,0.33,0.21,1,0.053,39,148,0.9927,3.12,0.45,9.4,5
7.7,0.29,0.48,2.3,0.049,36,178,0.9931,3.17,0.64,10.6,6
7.3,0.2,0.44,1.4,0.045,21,98,0.9924,3.15,0.46,10,6
7.5,0.35,0.28,9.6,0.051,26,157,0.9969,3.12,0.53,9.2,5
6.3,0.39,0.35,5.9,0.04,82.5,260,0.9941,3.12,0.66,10.1,6
6.5,0.36,0.32,1.1,0.031,13,66,0.9916,3.1,0.46,10.6,6
6.8,0.37,0.51,11.8,0.044,62,163,0.9976,3.19,0.44,8.8,6
6.8,0.27,0.12,1.3,0.04,87,168,0.992,3.18,0.41,10,5
6.3,0.2,0.4,1.5,0.037,35,107,0.9917,3.46,0.5,11.4,6
6.1,0.35,0.07,1.4,0.069,22,108,0.9934,3.23,0.52,9.2,5
7.1,0.27,0.31,18.2,0.046,55,252,1,3.07,0.56,8.7,6
6.8,0.22,0.31,6.3,0.035,33,170,0.9918,3.24,0.66,12.6,7
5.8,0.28,0.34,4,0.031,40,99,0.9896,3.39,0.39,12.8,6
7.2,0.25,0.39,18.95,0.038,42,155,0.9999,2.97,0.47,9,6
7.2,0.25,0.39,18.95,0.038,42,155,0.9999,2.97,0.47,9,6
7,0.21,0.28,8.6,0.045,37,221,0.9954,3.25,0.54,10.4,6
7.2,0.55,0.09,1.5,0.108,16,151,0.9938,3.07,0.57,9.2,5
6.6,0.16,0.32,1.4,0.035,49,186,0.9906,3.35,0.64,12.4,7
6.9,0.24,0.36,20.8,0.031,40,139,0.9975,3.2,0.33,11,6
6.5,0.41,0.24,14,0.048,24,113,0.9982,3.44,0.53,9.8,6
6.4,0.28,0.29,1.6,0.052,34,127,0.9929,3.48,0.56,10.5,7
6.3,0.23,0.31,1.5,0.022,11,82,0.9892,3.3,0.4,12.9,6
7.1,0.21,0.27,8.6,0.056,26,111,0.9956,2.95,0.52,9.5,5
7.2,0.39,0.62,11,0.047,66,178,0.9976,3.16,0.5,8.7,5
8.6,0.37,0.7,12.15,0.039,21,158,0.9983,3,0.73,9.3,5
6.5,0.38,0.34,3.4,0.036,34,200,0.9937,3.14,0.76,10,5
6.6,0.24,0.29,2,0.023,19,86,0.99,3.25,0.45,12.5,6
7,0.22,0.28,1.5,0.037,29,115,0.9927,3.11,0.55,10.5,6
6.3,0.22,0.33,1.7,0.041,67,164,0.9928,3.32,0.56,10.4,6
5.8,0.25,0.24,13.3,0.044,41,137,0.9972,3.34,0.42,9.5,5
6,0.24,0.27,1.9,0.048,40,170,0.9938,3.64,0.54,10,6
5.9,0.62,0.28,3.5,0.039,55,152,0.9907,3.44,0.44,12,6
6.7,0.27,0.12,1.3,0.041,62,138,0.9921,3.21,0.42,10,5
6.1,0.31,0.26,2.2,0.051,28,167,0.9926,3.37,0.47,10.4,5
7.4,0.15,0.42,1.7,0.045,49,154,0.992,3,0.6,10.4,6
7.2,0.34,0.34,12.6,0.048,7,41,0.9942,3.19,0.4,11.7,6
5.2,0.36,0.02,1.6,0.031,24,104,0.9896,3.44,0.35,12.2,7
7.4,0.25,0.36,13.2,0.067,53,178,0.9976,3.01,0.48,9,6
7.9,0.345,0.51,15.3,0.047,54,171,0.9987,3.09,0.51,9.1,5
6.8,0.25,0.24,4.55,0.053,41,211,0.9955,3.37,0.67,9.5,6
6.5,0.18,0.31,1.7,0.044,30,127,0.9928,3.49,0.5,10.2,6
7.2,0.46,0.65,10.4,0.05,76,192,0.9976,3.16,0.42,8.7,5
7.8,0.28,0.34,1.6,0.028,32,118,0.9901,3,0.38,12.1,6
8.4,0.35,0.71,12.2,0.046,22,160,0.9982,2.98,0.65,9.4,5
7.2,0.34,0.44,4.2,0.047,51,144,0.991,3.01,0.76,12.3,6
7.4,0.3,0.22,1.4,0.046,16,135,0.9928,3.08,0.77,10.4,5
6.1,0.26,0.51,2.2,0.05,61,154,0.9929,3.08,0.6,9.8,5
7.4,0.41,0.66,10.8,0.051,77,194,0.9976,3.05,0.46,8.7,5
6.5,0.28,0.29,2.7,0.038,26,107,0.9912,3.32,0.41,11.6,6
7.3,0.3,0.22,6.4,0.056,44,168,0.9947,3.13,0.35,10.1,6
7.4,0.24,0.22,10.7,0.042,26,81,0.9954,2.86,0.36,9.7,6
6.9,0.28,0.27,2.1,0.036,42,121,0.9926,3.42,0.49,10.8,6
7,0.29,0.37,4.9,0.034,26,127,0.9928,3.17,0.44,10.8,6
6.4,0.45,0.07,1.1,0.03,10,131,0.9905,2.97,0.28,10.8,6
7.3,0.25,0.29,7.5,0.049,38,158,0.9965,3.43,0.38,9.6,5
7.5,0.21,0.68,10.9,0.045,38,133,0.9978,3,0.36,8.7,5
7.4,0.19,0.3,1.4,0.057,33,135,0.993,3.12,0.5,9.6,6
6.5,0.26,0.43,8.9,0.083,50,171,0.9965,2.85,0.5,9,6
7,0.23,0.42,18.05,0.05,35,144,0.9999,3.22,0.42,8.8,5
6.3,0.26,0.25,7.8,0.058,44,166,0.9961,3.24,0.41,9,5
6.5,0.33,0.72,1.1,0.061,7,151,0.993,3.09,0.57,9.5,5
7.4,0.105,0.34,12.2,0.05,57,146,0.9973,3.16,0.37,9,6
6.8,0.29,0.16,1.4,0.038,122.5,234.5,0.9922,3.15,0.47,10,6
6.8,0.25,0.34,14,0.032,47,133,0.9952,3.37,0.5,12.2,7
6.1,0.14,0.25,1.3,0.047,37,173,0.9925,3.35,0.46,10,6
6.7,0.31,0.3,2.1,0.038,18,130,0.9928,3.36,0.63,10.6,6
7.6,0.29,0.58,17.5,0.041,51,225,0.9997,3.16,0.66,9.5,5
7.5,0.31,0.51,14.8,0.039,62,204,0.9982,3.06,0.6,9.5,5
6.4,0.33,0.28,1.1,0.038,30,110,0.9917,3.12,0.42,10.5,6
6.1,0.25,0.24,12.1,0.046,51,172,0.998,3.35,0.45,9.5,5
8.2,0.27,0.43,1.6,0.035,31,128,0.9916,3.1,0.5,12.3,6
6.6,0.33,0.31,1.3,0.02,29,89,0.99035,3.26,0.44,12.4,6
7.8,0.3,0.4,1.8,0.028,23,122,0.9914,3.14,0.39,10.9,5
6,0.33,0.27,0.8,0.185,12,188,0.9924,3.12,0.62,9.4,5
6.5,0.23,0.33,13.8,0.042,25,139,0.99695,3.35,0.56,10.4,6
7.4,0.38,0.27,7.5,0.041,24,160,0.99535,3.17,0.43,10,6
7.2,0.29,0.4,7.6,0.024,56,177,0.9928,3.04,0.32,11.5,6
6.9,0.2,0.5,10,0.036,78,167,0.9964,3.15,0.55,10.2,6
7,0.21,0.34,8.5,0.033,31,253,0.9953,3.22,0.56,10.5,6
5.9,0.35,0.47,2.2,0.11,14,138,0.9932,3.09,0.5,9.1,5
7.1,0.28,0.44,1.8,0.032,32,107,0.9907,3.25,0.48,12.2,7
6.9,0.18,0.38,8.1,0.049,44,176,0.9958,3.3,0.54,9.8,6
6.8,0.12,0.31,5.2,0.045,29,120,0.9942,3.41,0.46,9.8,6
6,0.395,0,1.4,0.042,7,55,0.99135,3.37,0.38,11.2,5
5.9,0.24,0.3,2,0.033,28,92,0.99225,3.39,0.69,10.9,7
6.4,0.46,0.08,4.9,0.046,34,144,0.99445,3.1,0.56,10,5
7.2,0.31,0.26,7.3,0.05,37,157,0.99625,3.09,0.43,9,5
6,0.18,0.31,1.4,0.036,14,75,0.99085,3.34,0.58,11.1,6
6,0.39,0.17,12,0.046,65,246,0.9976,3.15,0.38,9,5
6,0.41,0.05,1.5,0.063,17,120,0.9932,3.21,0.56,9.2,5
6.4,0.35,0.28,1.1,0.055,9,160,0.99405,3.42,0.5,9.1,6
6.2,0.3,0.17,2.8,0.04,24,125,0.9939,3.01,0.46,9,5
6.6,0.36,0.29,1.6,0.021,24,85,0.98965,3.41,0.61,12.4,7
6.8,0.18,0.21,5.4,0.053,34,104,0.99445,3.3,0.43,9.4,6
7.1,0.16,0.36,1.2,0.043,21,90,0.9925,3.16,0.42,11,6
6.9,0.25,0.34,1.3,0.035,27,82,0.99045,3.18,0.44,12.2,7
7.3,0.205,0.31,1.7,0.06,34,110,0.9963,3.72,0.69,10.5,6
7.3,0.21,0.29,1.6,0.034,29,118,0.9917,3.3,0.5,11,6
8.2,0.38,0.49,13.6,0.042,58,166,0.99855,3.1,0.54,9.4,5
7.4,0.2,0.35,2.1,0.038,30,116,0.9949,3.49,0.77,10.3,6
6.7,0.22,0.39,10.2,0.038,60,149,0.99725,3.17,0.54,10,6
8.1,0.27,0.35,1.7,0.03,38,103,0.99255,3.22,0.63,10.4,6
6.2,0.28,0.33,1.7,0.029,24,111,0.99,3.24,0.5,12.1,6
7.8,0.18,0.46,12.6,0.042,41,143,1,3.24,0.76,8.5,6
7.7,0.34,0.58,11.1,0.039,41,151,0.9978,3.06,0.49,8.6,6
6.9,0.12,0.36,2.2,0.037,18,111,0.9919,3.41,0.82,11.9,7
6.5,0.3,0.32,2,0.044,34,90,0.99185,3.37,0.68,11,7
6.5,0.3,0.32,2,0.044,34,90,0.99185,3.37,0.68,11,7
8,0.29,0.29,13.2,0.046,26,113,0.9983,3.25,0.37,9.7,6
5.9,0.31,0.3,7.7,0.047,60,206,0.995,3.2,0.39,9.6,6
8,0.23,0.37,9.6,0.054,23,159,0.99795,3.32,0.47,9.8,6
6.3,0.33,0.2,5.8,0.04,24,144,0.99425,3.15,0.63,9.9,5
7,0.24,0.34,1.4,0.031,27,107,0.99,3.06,0.39,11.9,6
7.7,0.32,0.62,10.6,0.036,56,153,0.9978,3.13,0.44,8.9,6
6.5,0.26,0.27,12.9,0.044,69,215,0.9967,3.17,0.43,10,6
7.7,0.17,0.52,5.9,0.017,21,84,0.9929,3.14,0.4,11.9,6
6.9,0.48,0.36,3.5,0.03,31,135,0.9904,3.14,0.38,12.2,7
6.5,0.17,0.33,1.4,0.028,14,99,0.9928,3.23,0.55,10.1,7
8.2,0.23,0.37,1.3,0.042,39,117,0.9928,2.99,0.36,10,6
6.6,0.2,0.32,1.1,0.039,25,78,0.9926,3.39,0.54,10.2,6
5.5,0.42,0.09,1.6,0.019,18,68,0.9906,3.33,0.51,11.4,5
5.1,0.42,0.01,1.5,0.017,25,102,0.9894,3.38,0.36,12.3,7
6.8,0.22,0.35,17.5,0.039,38,153,0.9994,3.24,0.42,9,5
7.6,0.3,0.25,4.3,0.054,22,111,0.9956,3.12,0.49,9.2,6
7.4,0.28,0.3,5.3,0.054,44,161,0.9941,3.12,0.48,10.3,6
7.8,0.27,0.34,1.6,0.046,27,154,0.9927,3.05,0.45,10.5,5
7.6,0.21,0.6,2.1,0.046,47,165,0.9936,3.05,0.54,10.1,6
5.8,0.36,0.26,3.3,0.038,40,153,0.9911,3.34,0.55,11.3,6
6.6,0.22,0.37,1.2,0.059,45,199,0.993,3.37,0.55,10.3,6
7.6,0.39,0.22,2.8,0.036,19,113,0.9926,3.03,0.29,10.2,5
7.6,0.16,0.44,1.4,0.043,25,109,0.9932,3.11,0.75,10.3,6
7.1,0.18,0.42,1.4,0.045,47,157,0.9916,2.95,0.31,10.5,6
8.3,0.14,0.26,1.5,0.049,56,189,0.9946,3.21,0.62,9.5,6
8.6,0.2,0.42,1.5,0.041,35,125,0.9925,3.11,0.49,11.4,6
6.3,0.6,0.44,11,0.05,50,245,0.9972,3.19,0.57,9.3,5
7.1,0.3,0.36,6.8,0.055,44.5,234,0.9972,3.49,0.64,10.2,6
7.1,0.3,0.36,6.8,0.055,44.5,234,0.9972,3.49,0.64,10.2,6
7.9,0.64,0.46,10.6,0.244,33,227,0.9983,2.87,0.74,9.1,5
8.2,0.68,0.3,2.1,0.047,17,138,0.995,3.22,0.71,10.8,5
6.1,0.37,0.36,4.7,0.035,36,116,0.991,3.31,0.62,12.6,7
7.3,0.24,0.34,7.5,0.048,29,152,0.9962,3.1,0.54,9,6
7.6,0.29,0.42,1.3,0.035,18,86,0.9908,2.99,0.39,11.3,6
7,0.21,0.28,7.5,0.07,45,185,0.9966,3.34,0.55,9.4,6
6.7,0.26,0.26,4,0.079,35.5,216,0.9956,3.31,0.68,9.5,5
6.4,0.3,0.51,5.5,0.048,62,172,0.9942,3.08,0.45,9.1,5
6.2,0.55,0.45,12,0.049,27,186,0.9974,3.17,0.5,9.3,5
6.5,0.26,0.34,16.3,0.051,56,197,1.0004,3.49,0.42,9.8,5
6.3,0.34,0.29,6.2,0.046,29,227,0.9952,3.29,0.53,10.1,5
6.3,0.27,0.25,5.8,0.038,52,155,0.995,3.28,0.38,9.4,5
6.3,0.23,0.21,5.1,0.035,29,142,0.9942,3.36,0.33,10.1,6
5.2,0.24,0.45,3.8,0.027,21,128,0.992,3.55,0.49,11.2,6
7,0.24,0.32,1.3,0.037,39,123,0.992,3.17,0.42,11.2,6
7,0.17,0.33,4,0.034,17,127,0.9934,3.19,0.39,10.6,6
7.1,0.21,0.4,1.2,0.069,24,156,0.9928,3.42,0.43,10.6,6
6.3,0.27,0.25,5.8,0.038,52,155,0.995,3.28,0.38,9.4,5
7.9,0.29,0.39,6.7,0.036,6,117,0.9938,3.12,0.42,10.7,6
5.5,0.32,0.45,4.9,0.028,25,191,0.9922,3.51,0.49,11.5,6
6.1,0.29,0.27,1.7,0.024,13,76,0.9893,3.21,0.51,12.6,6
7.2,0.37,0.15,2,0.029,27,87,0.9903,3.3,0.59,12.6,7
8.1,0.45,0.34,8.3,0.037,33,216,0.9976,3.31,0.64,9.7,5
5.8,0.415,0.13,1.4,0.04,11,64,0.9922,3.29,0.52,10.5,5
6,0.4,0.3,1.6,0.047,30,117,0.9931,3.17,0.48,10.1,5
9.8,0.36,0.45,1.6,0.042,11,124,0.9944,2.93,0.46,10.8,5
6.5,0.115,0.29,1.95,0.038,73,166,0.989,3.12,0.25,12.9,6
6.7,0.25,0.34,12.85,0.048,30,161,0.9986,3.44,0.47,9.5,6
9.2,0.28,0.46,3.2,0.058,39,133,0.996,3.14,0.58,9.5,5
7.5,0.14,0.34,1.3,0.055,50,153,0.9945,3.29,0.8,9.6,6
8.2,0.23,0.49,0.9,0.057,15,73,0.9928,3.07,0.38,10.4,6
7.4,0.22,0.33,2,0.045,31,101,0.9931,3.42,0.55,11.4,6
6.4,0.25,0.41,8.6,0.042,57,173,0.9965,3,0.44,9.1,5
6.3,0.32,0.35,11.1,0.039,29,198,0.9984,3.36,0.5,9.4,5
6.8,0.25,0.29,2,0.042,19,189,0.9952,3.46,0.54,10.2,5
7.2,0.2,0.25,4.5,0.044,31,109,0.9949,3.23,0.36,9.4,6
6.4,0.26,0.3,2.2,0.025,33,134,0.992,3.21,0.47,10.6,6
6.6,0.21,0.38,2.2,0.026,40,104,0.9914,3.25,0.4,11.1,6
7.1,0.21,0.3,1.4,0.037,45,143,0.9932,3.13,0.33,9.9,6
7.3,0.22,0.4,14.75,0.042,44.5,129.5,0.9998,3.36,0.41,9.1,6
7.4,0.25,0.37,6.9,0.02,14,93,0.9939,3,0.48,10.7,5
7,0.26,0.46,15.55,0.037,61,171,0.9986,2.94,0.35,8.8,6
9.7,0.24,0.45,1.2,0.033,11,59,0.9926,2.74,0.47,10.8,6
8,0.61,0.38,12.1,0.301,24,220,0.9993,2.94,0.48,9.2,5
7.2,0.26,0.44,7.1,0.027,25,126,0.993,3.02,0.34,11.1,7
6.4,0.23,0.33,1.15,0.044,15.5,217.5,0.992,3.33,0.44,11,5
6.8,0.32,0.37,3.4,0.023,19,87,0.9902,3.14,0.53,12.7,6
7.8,0.32,0.31,1.7,0.036,46,195,0.993,3.03,0.48,10.5,6
7.4,0.18,0.42,2.1,0.036,33,187,0.9938,3.4,0.41,10.6,6
8,0.2,0.4,5.2,0.055,41,167,0.9953,3.18,0.4,10.6,5
7.3,0.18,0.65,1.4,0.046,28,157,0.9946,3.33,0.62,9.4,6
9.6,0.29,0.46,1.45,0.039,77.5,223,0.9944,2.92,0.46,9.5,6
7,0.39,0.31,5.3,0.169,32,162,0.9965,3.2,0.48,9.4,5
8.4,0.35,0.56,13.8,0.048,55,190,0.9993,3.07,0.58,9.4,5
7.6,0.31,0.29,10.5,0.04,21,145,0.9966,3.04,0.35,9.4,5
7,0.24,0.36,4.9,0.083,10,133,0.9942,3.33,0.37,10.8,6
8.4,0.16,0.33,1.5,0.033,16,98,0.994,3.14,0.42,9.7,6
6.2,0.17,0.3,1.1,0.037,14,79,0.993,3.5,0.54,10.3,6
7.8,0.23,0.28,4.75,0.042,45,166,0.9928,2.96,0.4,11.5,6
7.4,0.19,0.42,6.4,0.067,39,212,0.9958,3.3,0.33,9.6,6
6.4,0.31,0.4,6.2,0.04,46,169,0.9953,3.15,0.46,9.3,5
9,0.24,0.5,1.2,0.048,26,107,0.9918,3.21,0.34,12.4,5
8.4,0.58,0.27,12.15,0.033,37,116,0.9959,2.99,0.39,10.8,6
7.2,0.16,0.32,0.8,0.04,50,121,0.9922,3.27,0.33,10,6
7.6,0.54,0.23,2,0.029,13,151,0.9931,3.04,0.33,10.4,5
8.4,0.58,0.27,12.15,0.033,37,116,0.9959,2.99,0.39,10.8,6
7.3,0.23,0.37,1.9,0.041,51,165,0.9908,3.26,0.4,12.2,7
7.3,0.39,0.37,1.1,0.043,36,113,0.991,3.39,0.48,12.7,7
8,0.57,0.39,3.9,0.034,22,122,0.9917,3.29,0.67,12.8,7
7.6,0.19,0.41,1.1,0.04,38,143,0.9907,2.92,0.42,11.4,5
7.3,0.22,0.41,15.4,0.05,55,191,1,3.32,0.59,8.9,6
6.4,0.25,0.33,1.4,0.04,42,115,0.9906,3.19,0.48,11.3,7
6.9,0.32,0.16,1.4,0.051,15,96,0.994,3.22,0.38,9.5,5
7.3,0.22,0.41,15.4,0.05,55,191,1,3.32,0.59,8.9,6
7.6,0.28,0.39,1.9,0.052,23,116,0.9941,3.25,0.4,10.4,5
10.7,0.22,0.56,8.2,0.044,37,181,0.998,2.87,0.68,9.5,5
6.9,0.28,0.3,1.6,0.047,46,132,0.9918,3.35,0.38,11.1,6
6.9,0.46,0.2,0.9,0.054,5,126,0.992,3.1,0.42,10.4,6
6.8,0.23,0.4,1.6,0.047,5,133,0.993,3.23,0.7,11.4,6
6.2,0.33,0.29,1.3,0.042,26,138,0.9956,3.77,0.64,9.5,6
5.6,0.49,0.13,4.5,0.039,17,116,0.9907,3.42,0.9,13.7,7
6.2,0.16,0.47,1.4,0.029,23,81,0.99,3.26,0.42,12.2,6
7.3,0.25,0.36,13.1,0.05,35,200,0.9986,3.04,0.46,8.9,6
7.3,0.25,0.36,13.1,0.05,35,200,0.9986,3.04,0.46,8.9,6
6.3,0.67,0.48,12.6,0.052,57,222,0.9979,3.17,0.52,9.3,5
8.2,0.22,0.36,6.8,0.034,12,90,0.9944,3.01,0.38,10.5,6
7.1,0.19,0.28,3.6,0.033,16,78,0.993,2.91,0.78,11.4,5
7.3,0.25,0.36,13.1,0.05,35,200,0.9986,3.04,0.46,8.9,6
7.1,0.26,0.32,5.9,0.037,39,97,0.9934,3.31,0.4,11.6,7
6.9,0.3,0.33,4.1,0.035,26,155,0.9925,3.25,0.79,12.3,6
6.2,0.18,0.49,4.5,0.047,17,90,0.9919,3.27,0.37,11.6,6
8.2,0.18,0.49,1.1,0.033,28,81,0.9923,3,0.68,10.4,5
7,0.39,0.24,1,0.048,8,119,0.9923,3,0.31,10.1,5
7.4,0.25,0.49,1.1,0.042,35,156,0.9917,3.13,0.55,11.3,6
8.2,0.18,0.49,1.1,0.033,28,81,0.9923,3,0.68,10.4,5
6.1,0.25,0.49,7.6,0.052,67,226,0.9956,3.16,0.47,8.9,5
8.3,0.2,0.74,4.45,0.044,33,130,0.9924,3.25,0.42,12.2,6
7.8,0.43,0.49,13,0.033,37,158,0.9955,3.14,0.35,11.3,7
8.3,0.2,0.74,4.45,0.044,33,130,0.9924,3.25,0.42,12.2,6
8,0.44,0.49,9.1,0.031,46,151,0.9926,3.16,0.27,12.7,7
7,0.2,0.74,0.8,0.044,19,163,0.9931,3.46,0.53,10.2,6
7.2,0.4,0.49,1.1,0.048,11,138,0.9929,3.01,0.42,9.3,5
7.2,0.08,0.49,1.3,0.05,18,148,0.9945,3.46,0.44,10.2,6
7.2,0.08,0.49,1.3,0.05,18,148,0.9945,3.46,0.44,10.2,6
6.6,0.25,0.24,1.7,0.048,26,124,0.9942,3.37,0.6,10.1,6
6.9,0.25,0.24,3.6,0.057,13,85,0.9942,2.99,0.48,9.5,5
7.5,0.32,0.24,4.6,0.053,8,134,0.9958,3.14,0.5,9.1,5
7.9,0.16,0.74,17.85,0.037,52,187,0.9998,2.99,0.41,9.3,5
8,0.3,0.49,9.4,0.046,47,188,0.9964,3.14,0.48,10,6
8.3,0.2,0.49,1.7,0.04,34,169,0.9938,3.05,0.37,10.1,6
7,0.17,0.74,12.8,0.045,24,126,0.9942,3.26,0.38,12.2,6
8.1,0.2,0.49,8.1,0.051,51,205,0.9954,3.1,0.52,11,6
6.8,0.21,0.49,14.5,0.06,50,170,0.9991,3.55,0.44,9.8,6
8,0.18,0.49,1.8,0.061,10,145,0.9942,3.23,0.48,10,6
14.2,0.27,0.49,1.1,0.037,33,156,0.992,3.15,0.54,11.1,5
8.1,0.3,0.49,8.1,0.037,26,174,0.9943,3.1,0.3,11.2,7
7.3,0.26,0.49,5,0.028,32,107,0.9936,3.24,0.54,10.8,6
7.1,0.18,0.74,15.6,0.044,44,176,0.9996,3.38,0.67,9,6
7.2,0.16,0.49,1.3,0.037,27,104,0.9924,3.23,0.57,10.6,6
7.3,0.14,0.49,1.1,0.038,28,99,0.9928,3.2,0.72,10.6,6
6.7,0.29,0.49,4.7,0.034,35,156,0.9945,3.13,0.45,9.9,5
7.1,0.36,0.24,1.8,0.025,32,102,0.9903,3.34,0.59,12.8,7
7.9,0.42,0.49,8.2,0.056,32,164,0.9965,3.29,0.6,11.2,6
6.9,0.24,0.49,1.3,0.032,35,148,0.9932,3.45,0.57,10.7,6
8.8,0.35,0.49,1,0.036,14,56,0.992,2.96,0.33,10.5,5
6.7,0.3,0.74,5,0.038,35,157,0.9945,3.21,0.46,9.9,5
6.8,0.17,0.74,2.4,0.053,61,182,0.9953,3.63,0.76,10.5,6
7.1,0.64,0.49,1.8,0.05,17,128,0.9946,3.31,0.58,10.6,5
9.3,0.31,0.49,1.3,0.042,34,147,0.9948,3.11,0.46,9.8,5
6.4,0.25,0.74,7.8,0.045,52,209,0.9956,3.21,0.42,9.2,6
7.3,0.3,0.74,13.5,0.039,46,165,0.9982,3.02,0.4,8.7,5
7,0.27,0.74,1.5,0.036,27,122,0.9926,3.35,0.48,11.2,6
7.9,0.14,0.74,1.2,0.028,30,165,0.991,3.08,0.82,12.3,6
6.8,0.21,0.74,1.2,0.047,25,111,0.9916,3.13,0.41,10.7,6
6.6,0.55,0.01,2.7,0.034,56,122,0.9906,3.15,0.3,11.9,6
5.6,0.41,0.24,1.9,0.034,10,53,0.98815,3.32,0.5,13.5,6
7.5,0.32,0.49,1.7,0.031,44,109,0.9906,3.07,0.46,12.5,7
8.2,0.26,0.49,5.2,0.04,19,100,0.9941,3.12,0.34,10.1,5
6.9,0.34,0.49,7.3,0.045,61,206,0.9957,3.09,0.4,9,5
6.2,0.2,0.49,1.6,0.065,17,143,0.9937,3.22,0.52,9.2,6
6.5,0.44,0.49,7.7,0.045,16,169,0.9957,3.11,0.37,8.7,5
9,0.17,0.49,1,0.039,46,131,0.993,3.09,0.51,10.5,6
6.4,0.26,0.49,6.4,0.037,37,161,0.9954,3.38,0.53,9.7,6
7.6,0.47,0.49,13,0.239,42,220,0.9988,2.96,0.51,9.2,5
7.8,0.49,0.49,7,0.043,29,149,0.9952,3.21,0.33,10,5
8.1,0.3,0.49,12.3,0.049,50,144,0.9971,3.09,0.57,10.2,6
6.6,0.325,0.49,7.7,0.049,53,217,0.996,3.16,0.4,9.3,5
6.6,0.27,0.49,7.8,0.049,62,217,0.9959,3.17,0.45,9.4,5
6.7,0.21,0.49,1.4,0.047,30,114,0.9914,2.92,0.42,10.8,6
7,0.35,0.3,6.5,0.028,27,87,0.9936,3.4,0.42,11.4,7
6.2,0.27,0.32,8.8,0.047,65,224,0.9961,3.17,0.47,8.9,5
7.1,0.16,0.25,1.3,0.034,28,123,0.9915,3.27,0.55,11.4,6
7.7,0.12,0.32,1.4,0.06,47,150,0.9952,3.37,0.42,9.2,6
8.5,0.32,0.36,14.9,0.041,47,190,0.9982,3.08,0.31,10,6
6.7,0.33,0.42,6.4,0.058,27,151,0.9954,3.16,0.44,9.6,5
6.6,0.25,0.31,1.5,0.035,32,127,0.9921,3.41,0.47,11.3,6
8.1,0.31,0.24,1.6,0.032,10,67,0.9924,3.08,0.47,10.5,6
7.5,0.4,1,19.5,0.041,33,148,0.9977,3.24,0.38,12,6
8,0.32,0.36,4.6,0.042,56,178,0.9928,3.29,0.47,12,7
7.5,0.22,0.29,4.8,0.05,33,87,0.994,3.14,0.42,9.9,6
6.4,0.16,0.28,2.2,0.042,33,93,0.9914,3.31,0.43,11.1,6
6.7,0.27,0.25,8,0.053,54,202,0.9961,3.22,0.43,9.3,5
8,0.3,0.28,5.7,0.044,31,124,0.9948,3.16,0.51,10.2,6
7.8,0.39,0.26,9.9,0.059,33,181,0.9955,3.04,0.42,10.9,6
6.6,0.25,0.35,14,0.069,42,163,0.999,3.56,0.47,9.8,6
6.5,0.18,0.26,1.4,0.041,40,141,0.9941,3.34,0.72,9.5,6
6.1,0.32,0.37,1.8,0.051,13,200,0.9945,3.49,0.44,10.5,5
8.7,0.45,0.4,1.5,0.067,17,100,0.9957,3.27,0.57,10.1,5
6.7,0.24,0.29,6.8,0.038,54,127,0.9932,3.33,0.46,11.6,6
8.5,0.21,0.26,9.25,0.034,73,142,0.9945,3.05,0.37,11.4,6
9.4,0.16,0.23,1.6,0.042,14,67,0.9942,3.07,0.32,9.5,6
7.5,0.33,0.39,12.4,0.065,29,119,0.9974,3.16,0.39,9.4,6
7.5,0.33,0.39,12.4,0.065,29,119,0.9974,3.16,0.39,9.4,6
5.6,0.46,0.24,4.8,0.042,24,72,0.9908,3.29,0.37,12.6,7
6.7,0.27,0.3,13.9,0.029,34,131,0.9953,3.36,0.5,12,7
6,0.26,0.29,1,0.032,27,96,0.9896,3.38,0.44,12.3,6
6.5,0.32,0.12,11.5,0.033,35,165,0.9974,3.22,0.32,9,6
7.4,0.49,0.24,15.1,0.03,34,153,0.9953,3.13,0.51,12,7
7.7,0.44,0.24,11.2,0.031,41,167,0.9948,3.12,0.43,11.3,6
7.2,0.24,0.29,2.2,0.037,37,102,0.992,3.27,0.64,11,7
8.2,0.18,0.31,11.8,0.039,96,249,0.9976,3.07,0.52,9.5,6
7.4,0.44,0.2,11.5,0.049,44,157,0.998,3.27,0.44,9,5
7.6,0.26,0.58,7.9,0.041,62,180,0.9966,3.07,0.38,9,6
7.4,0.44,0.2,11.5,0.049,44,157,0.998,3.27,0.44,9,5
8.9,0.34,0.34,1.6,0.056,13,176,0.9946,3.14,0.47,9.7,5
6.7,0.18,0.19,4.7,0.046,57,161,0.9946,3.32,0.66,10.5,6
6.6,0.28,0.3,7.8,0.049,57,202,0.9958,3.24,0.39,9.5,5
8.2,0.18,0.28,8.5,0.035,41,140,0.9952,3.04,0.37,10.1,6
7,0.21,0.22,5.1,0.048,38,168,0.9945,3.34,0.49,10.4,6
7.2,0.2,0.61,16.2,0.043,14,103,0.9987,3.06,0.36,9.2,5
7.2,0.24,0.4,17.85,0.049,50,185,1,3.34,0.42,9.6,6
7.7,0.3,0.42,14.3,0.045,45,213,0.9991,3.18,0.63,9.2,5
7.4,0.21,0.3,7.9,0.039,14,118,0.9942,2.96,0.34,10.4,6
7.8,0.34,0.27,1.2,0.04,25,106,0.9932,3.01,0.55,10.4,6
7.9,0.26,0.33,10.3,0.039,73,212,0.9969,2.93,0.49,9.5,6
7.3,0.22,0.5,13.7,0.049,56,189,0.9994,3.24,0.66,9,6
7.6,0.26,0.36,1.6,0.032,6,106,0.993,3.15,0.4,10.4,5
7.1,0.25,0.28,1.6,0.052,46,169,0.9926,3.05,0.41,10.5,6
9.2,0.71,0.23,6.2,0.042,15,93,0.9948,2.89,0.34,10.1,5
8.3,0.36,0.57,15,0.052,35,256,1.0001,2.93,0.64,8.6,5
6.8,0.31,0.32,7.6,0.052,35,143,0.9959,3.14,0.38,9,5
8.3,0.36,0.57,15,0.052,35,256,1.0001,2.93,0.64,8.6,5
6.4,0.22,0.32,12,0.066,57,158,0.9992,3.6,0.43,9,5
8,0.25,0.13,17.2,0.036,49,219,0.9996,2.96,0.46,9.7,5
9.9,1.005,0.46,1.4,0.046,34,185,0.9966,3.02,0.49,10.2,5
8.1,0.31,0.36,8.2,0.028,29,142,0.9925,3.01,0.34,13,7
6.4,0.29,0.28,11.1,0.063,66,169,0.9973,2.89,0.57,9,6
7.2,0.15,0.33,1.1,0.027,16,63,0.9937,3.37,0.4,9.9,6
7.4,0.32,0.55,16.6,0.056,53,238,1.0017,2.96,0.58,8.7,5
7.6,0.2,0.26,4.5,0.086,37,133,0.9963,3.15,0.42,9.2,5
7.5,0.26,0.26,18.35,0.084,33,139,1.0011,3.17,0.39,8.8,5
7.4,0.3,0.22,5.25,0.053,33,180,0.9926,3.13,0.45,11.6,6
7,0.28,0.33,14.6,0.043,47,168,0.9994,3.34,0.67,8.8,6
7,0.28,0.33,14.6,0.043,47,168,0.9994,3.34,0.67,8.8,6
8.4,0.2,0.38,11.8,0.055,51,170,1.0004,3.34,0.82,8.9,6
6.9,0.19,0.39,8,0.028,22,84,0.994,3.11,0.66,10.8,6
6.3,0.21,0.28,1.5,0.051,46,142,0.9928,3.23,0.42,10.1,6
7.6,0.29,0.26,6.5,0.042,32,160,0.9944,3.14,0.47,10.7,6
8.8,0.2,0.28,1.1,0.018,18,72,0.9926,2.97,0.35,10.4,6
8.7,0.24,0.35,0.6,0.042,11,71,0.9926,3.08,0.38,10.6,6
6.8,0.21,0.27,18.15,0.042,41,146,1.0001,3.3,0.36,8.7,5
6.8,0.21,0.27,18.15,0.042,41,146,1.0001,3.3,0.36,8.7,5
6.6,0.23,0.27,5.6,0.043,43,164,0.9953,3.27,0.76,9.5,6
7.6,0.18,0.36,2.4,0.049,38,123,0.996,3.6,0.46,10.3,6
5.9,0.17,0.3,1.4,0.042,25,119,0.9931,3.68,0.72,10.5,6
7.5,0.33,0.32,11.1,0.036,25,119,0.9962,3.15,0.34,10.5,6
8.2,0.17,0.32,1.5,0.05,17,101,0.994,3.14,0.58,9.5,6
6.8,0.28,0.35,2.3,0.042,16,85,0.9906,3.19,0.56,12.4,6
6,0.27,0.15,1.5,0.056,35,128,0.9936,3.12,0.45,8.8,5
6.5,0.22,0.25,17.1,0.05,44,138,1.0001,3.3,0.37,8.8,5
6.5,0.22,0.25,17.1,0.05,44,138,1.0001,3.3,0.37,8.8,5
7.7,0.26,0.32,1.2,0.04,26,117,0.993,3.21,0.56,10.8,6
7.7,0.39,0.28,4.9,0.035,36,109,0.9918,3.19,0.58,12.2,7
7.1,0.22,0.32,16.9,0.056,49,158,0.9998,3.37,0.38,9.6,6
7.9,0.18,0.36,5.9,0.058,31,132,0.995,3.25,0.52,10.9,6
7.1,0.33,0.64,13.2,0.056,12,105,0.9972,3.05,0.39,9.2,5
7.9,0.28,0.32,3.6,0.038,9,76,0.992,3.05,0.31,11.7,6
6.3,0.24,0.37,1.8,0.031,6,61,0.9897,3.3,0.34,12.2,6
7.4,0.19,0.3,12.8,0.053,48.5,229,0.9986,3.14,0.49,9.1,8
8,0.36,0.43,10.1,0.053,29,146,0.9982,3.4,0.46,9.5,5
6.6,0.32,0.27,10.9,0.041,37,146,0.9963,3.24,0.47,10,5
9.2,0.23,0.35,10.7,0.037,34,145,0.9981,3.09,0.32,9.7,6
6.8,0.25,0.18,1.4,0.056,13,137,0.9935,3.11,0.42,9.5,5
7.1,0.26,0.3,2,0.031,13,128,0.9917,3.19,0.49,11.4,6
8.5,0.28,0.34,13.8,0.041,32,161,0.9981,3.13,0.4,9.9,6
8.1,0.25,0.38,3.8,0.051,18,129,0.9928,3.21,0.38,11.5,6
7,0.22,0.32,1.6,0.045,40,120,0.9914,2.98,0.44,10.5,6
7.6,0.23,0.26,15.3,0.067,32,166,0.9986,3.03,0.44,9.2,7
6.9,0.25,0.35,9.2,0.034,42,150,0.9947,3.21,0.36,11.5,6
7.2,0.29,0.18,8.2,0.042,41,180,0.99644,3.16,0.49,9.1,5
6.4,0.34,0.2,14.9,0.06,37,162,0.9983,3.13,0.45,9,5
6.1,0.15,0.29,6.2,0.046,39,151,0.99471,3.6,0.44,10.6,6
7.4,0.18,0.29,1.4,0.042,34,101,0.99384,3.54,0.6,10.5,6
7.2,0.29,0.2,7.7,0.046,51,174,0.99582,3.16,0.52,9.5,5
6.2,0.26,0.19,3.4,0.049,47,172,0.9924,3.14,0.43,10.4,5
7.1,0.14,0.35,1.4,0.039,24,128,0.99212,2.97,0.68,10.4,6
8.5,0.25,0.31,2.8,0.032,11,61,0.99189,3.06,0.44,11.5,6
6.6,0.19,0.43,10.9,0.045,53,154,0.99752,3.52,0.77,10.4,6
7.4,0.14,0.3,1.3,0.033,25,91,0.99268,3.53,0.39,10.6,6
6.4,0.16,0.25,1.3,0.047,20,77,0.9933,3.61,0.54,10.2,6
7.4,0.33,0.26,15.6,0.049,67,210,0.99907,3.06,0.68,9.5,6
6.9,0.28,0.31,7.2,0.04,47,168,0.9946,3.29,0.57,10.6,6
6.6,0.22,0.28,12.05,0.058,25,125,0.99856,3.45,0.45,9.4,6
7.5,0.42,0.2,1.4,0.06,15,168,0.9944,3.06,0.4,9.4,5
7,0.22,0.26,2.8,0.036,44,132,0.99078,3.34,0.41,12,6
9.4,0.28,0.3,1.6,0.045,36,139,0.99534,3.11,0.49,9.3,5
7,0.19,0.33,6.3,0.032,42,127,0.99182,3.31,0.38,12.2,6
7.5,0.26,0.59,11.8,0.046,58,164,0.99814,3.17,0.46,8.9,6
4.6,0.445,0,1.4,0.053,11,178,0.99426,3.79,0.55,10.2,6
6.9,0.3,0.21,7.2,0.045,54,190,0.99595,3.22,0.48,9.4,5
7,0.35,0.17,1.1,0.049,7,119,0.99297,3.13,0.36,9.7,5
7.5,0.38,0.29,12.7,0.05,25,209,0.9986,3.25,0.59,9.3,5
6.3,0.4,0.32,10.6,0.049,38,209,0.9981,3.47,0.59,9.3,5
8.3,0.27,0.34,10.2,0.048,50,118,0.99716,3.18,0.51,10.3,6
7.2,0.34,0.3,8.4,0.051,40,167,0.99756,3.48,0.62,9.7,6
7,0.23,0.26,7.2,0.041,21,90,0.99509,3.22,0.55,9.5,6
7.7,0.4,0.27,4.5,0.034,27,95,0.99175,3.21,0.59,12.3,7
7,0.23,0.26,7.2,0.041,21,90,0.99509,3.22,0.55,9.5,6
7.7,0.28,0.63,11.1,0.039,58,179,0.9979,3.08,0.44,8.8,5
6.1,0.28,0.16,1.3,0.06,36,126,0.99353,3.13,0.46,8.7,5
7.2,0.3,0.3,8.1,0.05,40,188,0.99652,3.15,0.49,9.1,5
6.1,0.16,0.29,6,0.03,29,144,0.99474,3.68,0.46,10.7,6
7.6,0.48,0.37,1.2,0.034,5,57,0.99256,3.05,0.54,10.4,5
7.2,0.2,0.3,2,0.039,43,188,0.9911,3.3,0.41,12,7
6.9,0.3,0.3,1.3,0.053,24,186,0.99361,3.29,0.54,9.9,5
7.6,0.21,0.35,1.2,0.041,7,106,0.9914,3.06,0.45,11.3,6
7,0.28,0.26,1.7,0.042,34,130,0.9925,3.43,0.5,10.7,7
7,0.27,0.29,3.9,0.059,28,199,0.9961,3.54,0.59,10.3,6
9.2,0.16,0.49,2,0.044,18,107,0.99514,3.1,0.53,10.2,5
8,0.26,0.28,8.2,0.038,72,202,0.99566,3.12,0.56,10,6
6.6,0.23,0.18,8.5,0.044,59,188,0.99558,3.16,0.49,9.5,5
7.6,0.31,0.27,5.8,0.036,23,109,0.99399,3.34,0.54,11,6
8.2,0.24,0.3,2.3,0.05,23,106,0.99397,2.98,0.5,10,5
7.3,0.815,0.09,11.4,0.044,45,204,0.99713,3.15,0.46,9,5
6.3,0.41,0.16,0.9,0.032,25,98,0.99274,3.16,0.42,9.5,5
8.1,0.4,0.32,7.9,0.031,23,118,0.99176,3.05,0.46,13.3,7
6.2,0.44,0.18,7.7,0.096,28,210,0.99771,3.56,0.72,9.2,4
6.3,0.29,0.14,7.05,0.045,50,177,0.99564,3.23,0.42,9,5
6.4,0.35,0.35,5.6,0.034,9,148,0.99441,3.17,0.5,9.8,6
6.9,0.43,0.28,9.4,0.056,29,183,0.99594,3.17,0.43,9.4,5
8,0.26,0.28,4.8,0.05,34,150,0.99437,3.13,0.5,10,5
6.9,0.43,0.28,9.4,0.056,29,183,0.99594,3.17,0.43,9.4,5
7.6,0.285,0.32,14.6,0.063,32,201,0.998,3,0.45,9.2,6
6.6,0.32,0.33,2.5,0.052,40,210,0.99316,3.15,0.6,10,5
6.5,0.27,0.26,8.2,0.042,21,133,0.99612,3.43,0.64,9.8,6
6.6,0.56,0.15,10,0.037,38,157,0.99642,3.28,0.52,9.4,5
7.8,0.32,0.33,10.4,0.031,47,194,0.99692,3.07,0.58,9.6,6
7.8,0.32,0.33,10.4,0.031,47,194,0.99692,3.07,0.58,9.6,6
7.5,0.28,0.78,12.1,0.041,53,161,0.99838,2.98,0.44,8.7,5
6.8,0.29,0.49,1.4,0.142,52,148,0.9937,3.08,0.49,9,6
6.7,0.24,0.32,10.3,0.079,37,122,0.99662,3.02,0.45,8.8,6
6.2,0.28,0.45,7.5,0.045,46,203,0.99573,3.26,0.46,9.2,6
5.6,0.175,0.29,0.8,0.043,20,67,0.99112,3.28,0.48,9.9,6
7.1,0.32,0.29,4,0.038,33,170,0.99463,3.27,0.64,10.2,6
5.8,0.3,0.12,1.6,0.036,57,163,0.99239,3.38,0.59,10.5,6
6.7,0.5,0.38,7.5,0.046,26,175,0.99662,3.32,0.54,9.6,5
6.2,0.33,0.14,4.8,0.052,27,128,0.99475,3.21,0.48,9.4,5
6.4,0.15,0.44,1.2,0.043,67,150,0.9907,3.14,0.73,11.2,7
7.6,0.23,0.64,12.9,0.033,54,170,0.998,3,0.53,8.8,5
6.3,0.13,0.42,1.1,0.043,63,146,0.99066,3.13,0.72,11.2,7
7,0.16,0.32,1.1,0.032,29,80,0.98972,3.23,0.36,12.1,6
6.8,0.18,0.3,12.8,0.062,19,171,0.99808,3,0.52,9,6
6.8,0.18,0.3,12.8,0.062,19,171,0.99808,3,0.52,9,6
7.8,0.28,0.31,2.1,0.046,28,208,0.99434,3.23,0.64,9.8,5
6.2,0.26,0.32,15.3,0.031,64,185,0.99835,3.31,0.61,9.4,6
6.7,0.3,0.29,2.8,0.025,37,107,0.99159,3.31,0.63,11.3,7
7.1,0.2,0.3,0.9,0.019,4,28,0.98931,3.2,0.36,12,6
7.1,0.2,0.3,0.9,0.019,4,28,0.98931,3.2,0.36,12,6
6.5,0.28,0.28,20.4,0.041,40,144,1.0002,3.14,0.38,8.7,6
6.7,0.28,0.28,2.4,0.012,36,100,0.99064,3.26,0.39,11.7,7
7.2,0.24,0.27,11.4,0.034,40,174,0.99773,3.2,0.44,9,6
7.6,0.23,0.4,5.2,0.066,14,91,0.99488,3.17,0.8,9.7,5
8.1,0.33,0.22,5.2,0.047,24,151,0.99527,3.22,0.47,10.3,5
6.7,0.12,0.3,5.2,0.048,38,113,0.99352,3.33,0.44,10.1,6
5.7,0.18,0.36,1.2,0.046,9,71,0.99199,3.7,0.68,10.9,6
5.8,0.15,0.28,0.8,0.037,43,127,0.99198,3.24,0.51,9.3,6
6.6,0.23,0.29,14.45,0.057,29,144,0.99756,3.33,0.54,10.2,6
7,0.34,0.39,6.9,0.066,43,162,0.99561,3.11,0.53,9.5,5
7.1,0.15,0.34,1,0.033,27,73,0.98974,3.24,0.41,12.2,6
7,0.23,0.33,1,0.043,46,110,0.99118,3.04,0.65,10.8,6
6.6,0.12,0.25,1.4,0.039,21,131,0.99114,3.2,0.45,11.2,6
6.8,0.26,0.4,7.5,0.046,45,179,0.99583,3.2,0.49,9.3,5
7.2,0.35,0.25,5.6,0.032,23,120,0.99334,2.93,0.66,10.3,5
7.6,0.1,0.33,1,0.031,33,93,0.99094,3.06,0.68,11.2,6
7.2,0.19,0.27,11.2,0.061,46,149,0.99772,2.99,0.59,9.3,6
6.2,0.28,0.27,10.3,0.03,26,108,0.99388,3.2,0.36,10.7,6
6.9,0.31,0.32,1.2,0.024,20,166,0.99208,3.05,0.54,9.8,6
6.5,0.23,0.36,16.3,0.038,43,133,0.99924,3.26,0.41,8.8,6
7.5,0.28,0.39,10.2,0.045,59,209,0.9972,3.16,0.63,9.6,6
6.8,0.16,0.29,10.4,0.046,59,143,0.99518,3.2,0.4,10.8,6
5.3,0.2,0.31,3.6,0.036,22,91,0.99278,3.41,0.5,9.8,6
6.8,0.3,0.22,6.2,0.06,41,190,0.99858,3.18,0.51,9.2,5
6.5,0.35,0.28,12.4,0.051,86,213,0.9962,3.16,0.51,9.9,6
6.5,0.17,0.31,1.5,0.041,34,121,0.99092,3.06,0.46,10.5,6
6.3,0.2,0.19,12.3,0.048,54,145,0.99668,3.16,0.42,9.3,6
6.9,0.615,0.42,12,0.067,24,131,0.99727,3.19,0.34,9.3,5
6.7,0.27,0.33,3.6,0.034,9,45,0.99144,3.08,0.4,10.5,6
7,0.34,0.3,1.8,0.045,44,142,0.9914,2.99,0.45,10.8,6
6,0.26,0.15,1.3,0.06,51,154,0.99354,3.14,0.51,8.7,5
7.9,0.16,0.3,7.4,0.05,58,152,0.99612,3.12,0.37,9.5,6
6.4,0.27,0.29,10.8,0.028,17,118,0.99356,3.18,0.37,11.2,6
7.7,0.3,0.34,1.2,0.048,4,119,0.99084,3.18,0.34,12.1,6
7.3,0.32,0.35,1.4,0.05,8,163,0.99244,3.24,0.42,10.7,5
6.4,0.44,0.44,14.4,0.048,29,228,0.99955,3.26,0.54,8.8,6
7.6,0.39,0.32,3.6,0.035,22,93,0.99144,3.08,0.6,12.5,7
7,0.36,0.32,10.5,0.045,35,135,0.9935,3.09,0.33,11.6,7
7.1,0.2,0.31,7.4,0.053,32,211,0.99587,3.31,0.59,10.4,6
6.4,0.24,0.25,20.2,0.083,35,157,0.99976,3.17,0.5,9.1,6
8,0.3,0.36,11,0.034,8,70,0.99354,3.05,0.41,12.2,6
6.8,0.35,0.53,10.1,0.053,37,151,0.9963,3.07,0.4,9.4,5
6.6,0.25,0.51,8,0.047,61,189,0.99604,3.22,0.49,9.2,6
6,0.11,0.47,10.6,0.052,69,148,0.9958,2.91,0.34,9.3,6
6.4,0.14,0.31,1.2,0.034,53,138,0.99084,3.38,0.35,11.5,6
6.6,0.45,0.43,7.2,0.064,31,186,0.9954,3.12,0.44,9.4,5
5.5,0.375,0.38,1.7,0.036,17,98,0.99142,3.29,0.39,10.5,6
5.9,0.22,0.38,1.3,0.046,24,90,0.99232,3.2,0.47,10,5
8,0.22,0.31,5.6,0.049,24,97,0.993,3.1,0.42,10.9,6
6.5,0.22,0.29,7.4,0.028,16,87,0.99311,3.15,0.56,10.9,6
6.9,0.33,0.26,5,0.027,46,143,0.9924,3.25,0.43,11.2,7
5.1,0.11,0.32,1.6,0.028,12,90,0.99008,3.57,0.52,12.2,6
5.6,0.18,0.58,1.25,0.034,29,129,0.98984,3.51,0.6,12,6
6.7,0.48,0.32,1.4,0.021,22,121,0.9889,3.15,0.53,12.7,7
5.4,0.23,0.36,1.5,0.03,74,121,0.98976,3.24,0.99,12.1,7
6.5,0.15,0.55,5.9,0.045,75,162,0.99482,2.97,0.4,9.3,6
7,0.28,0.32,7.75,0.032,30,114,0.99158,3.12,0.64,12.8,7
6.4,0.2,0.28,2.5,0.032,24,84,0.99168,3.31,0.55,11.5,6
6.2,0.16,0.34,1.7,0.038,85,153,0.9909,3.33,0.86,12,7
6.1,0.16,0.37,1.1,0.031,37,97,0.9922,3.4,0.58,10.5,6
5.7,0.21,0.25,1.1,0.035,26,81,0.9902,3.31,0.52,11.4,6
6.6,0.26,0.46,6.9,0.047,59,183,0.99594,3.2,0.45,9.3,5
7.7,0.18,0.3,1.2,0.046,49,199,0.99413,3.03,0.38,9.3,6
6.9,0.14,0.38,1,0.041,22,81,0.99043,3.03,0.54,11.4,6
7.1,0.36,0.4,1.95,0.033,26,118,0.98934,3.2,0.45,13.5,6
6.5,0.44,0.47,5.45,0.014,44,137,0.98984,3.13,0.32,13,7
6.9,0.22,0.31,6.3,0.029,41,131,0.99326,3.08,0.49,10.8,6
7.7,0.25,0.3,7.8,0.038,67,196,0.99555,3.1,0.5,10.1,6
7,0.31,0.31,9.1,0.036,45,140,0.99216,2.98,0.31,12,7
4.9,0.33,0.31,1.2,0.016,39,150,0.98713,3.33,0.59,14,7
6,0.28,0.52,5,0.078,30,139,0.99494,3.1,0.36,9,5
6,0.28,0.25,1.8,0.042,8,108,0.9929,3.08,0.55,9,5
7.2,0.2,0.22,1.6,0.044,17,101,0.99471,3.37,0.53,10,5
6.4,0.12,0.3,1.1,0.031,37,94,0.98986,3.01,0.56,11.7,6
6.9,0.38,0.38,13.1,0.112,14,94,0.99792,3.02,0.48,9.2,5
5.8,0.19,0.24,1.3,0.044,38,128,0.99362,3.77,0.6,10.6,6
7.5,0.19,0.4,7.1,0.056,50,110,0.9954,3.06,0.52,9.9,6
6.8,0.32,0.39,9.6,0.026,34,124,0.99286,3.18,0.35,12.1,7
6.6,0.23,0.2,11.4,0.044,45,131,0.99604,2.96,0.51,9.7,6
5,0.27,0.32,4.5,0.032,58,178,0.98956,3.45,0.31,12.6,7
6.3,0.18,0.36,1.2,0.034,26,111,0.99074,3.16,0.51,11,6
6.7,0.25,0.31,1.35,0.061,30.5,218,0.99388,3.16,0.53,9.5,5
6.6,0.22,0.36,5.5,0.029,30,105,0.99206,3.2,0.47,11.8,6
7,0.45,0.34,19.8,0.04,12,67,0.9976,3.07,0.38,11,6
5.4,0.22,0.29,1.2,0.045,69,152,0.99178,3.76,0.63,11,6
7.1,0.47,0.29,14.8,0.024,22,142,0.99518,3.12,0.48,12,7
5.8,0.19,0.25,10.8,0.042,33,124,0.99646,3.22,0.41,9.2,6
6,0.24,0.33,2.5,0.026,31,85,0.99014,3.13,0.5,11.3,6
6.3,0.2,0.37,11.8,0.045,58,130,0.99519,3.2,0.35,10.8,6
5.7,0.12,0.26,5.5,0.034,21,99,0.99324,3.09,0.57,9.9,6
7.4,0.21,0.8,12.3,0.038,77,183,0.99778,2.95,0.48,9,5
7,0.15,0.38,15.3,0.045,54,120,0.9975,3.18,0.42,9.8,6
6.3,0.28,0.3,3.1,0.039,24,115,0.9942,3.05,0.43,8.6,5
9.7,0.24,0.49,4.9,0.032,3,18,0.99368,2.85,0.54,10,5
5.1,0.33,0.27,6.7,0.022,44,129,0.99221,3.36,0.39,11,6
6.7,0.34,0.4,2.1,0.033,34,111,0.98924,2.97,0.48,12.2,7
6.5,0.24,0.39,17.3,0.052,22,126,0.99888,3.11,0.47,9.2,6
5.9,0.28,0.39,1.4,0.031,47,147,0.98836,3.08,0.64,12.9,7
5.5,0.18,0.22,5.5,0.037,10,86,0.99156,3.46,0.44,12.2,6
6.5,0.24,0.39,17.3,0.052,22,126,0.99888,3.11,0.47,9.2,6
7.6,0.3,0.38,2.1,0.043,10,98,0.99296,3.17,0.65,11,6
6.1,0.21,0.38,1.5,0.039,37,122,0.98972,3.2,0.43,12,6
6.3,0.17,0.32,4.2,0.04,37,117,0.99182,3.24,0.43,11.3,6
5.6,0.19,0.27,0.9,0.04,52,103,0.99026,3.5,0.39,11.2,6
6.2,0.25,0.39,1.3,0.051,42,135,0.9906,3.23,0.4,11.1,6
6.2,0.23,0.36,17.2,0.039,37,130,0.99946,3.23,0.43,8.8,5
7.6,0.25,1.23,4.6,0.035,51,294,0.99018,3.03,0.43,13.1,6
6.1,0.17,0.42,15.1,0.033,28,124,0.99684,2.87,0.47,9.5,6
6.9,0.19,0.32,7.9,0.042,30,130,0.99456,3.4,0.39,10.5,6
6.8,0.39,0.34,7.4,0.02,38,133,0.99212,3.18,0.44,12,7
6.7,0.33,0.36,6.6,0.042,34,116,0.99123,2.97,0.31,12.2,7
6.6,0.19,0.33,1.8,0.035,42,148,0.99196,3.15,0.36,10.2,6
5.7,0.16,0.32,1.2,0.036,7,89,0.99111,3.26,0.48,11,6
6.4,0.22,0.38,9.1,0.044,35,127,0.99326,2.97,0.3,11,6
5.2,0.31,0.36,5.1,0.031,46,145,0.9897,3.14,0.31,12.4,6
7.9,0.34,0.44,6.5,0.027,47,126,0.99124,2.96,0.37,12.5,7
6.4,0.21,0.34,16.05,0.04,56,142,0.99678,3.11,0.38,10.6,6
6.2,0.35,0.31,2.6,0.036,37,92,0.98938,3.27,0.53,12.8,7
5.7,0.15,0.28,3.7,0.045,57,151,0.9913,3.22,0.27,11.2,6
5.7,0.2,0.3,2.5,0.046,38,125,0.99276,3.34,0.5,9.9,6
6.8,0.21,0.37,7,0.038,27,107,0.99206,2.98,0.82,11.5,6
6.9,0.22,0.39,6,0.035,44,141,0.99123,3.11,0.33,12.5,7
7,0.29,0.35,1.4,0.036,42,109,0.99119,3.31,0.62,11.6,7
6.7,0.21,0.36,8.55,0.02,20,86,0.99146,3.19,0.22,13.4,7
7.7,0.27,0.49,3.8,0.037,46,139,0.99116,3.04,0.38,11.6,6
7.4,0.19,0.31,14.5,0.045,39,193,0.9986,3.1,0.5,9.2,6
7.4,0.19,0.31,14.5,0.045,39,193,0.9986,3.1,0.5,9.2,6
7.6,0.19,0.32,18.75,0.047,32,193,1.00014,3.1,0.5,9.3,6
4.2,0.215,0.23,5.1,0.041,64,157,0.99688,3.42,0.44,8,5
6.1,0.22,0.31,1.4,0.039,40,129,0.99193,3.45,0.59,10.9,7
6.6,0.38,0.36,9.2,0.061,42,214,0.9976,3.31,0.56,9.4,6
6.6,0.2,0.14,4.4,0.184,35,168,0.99396,2.93,0.45,9.4,5
6.8,0.21,0.31,2.9,0.046,40,121,0.9913,3.07,0.65,10.9,6
6.6,0.2,0.14,4.4,0.184,35,168,0.99396,2.93,0.45,9.4,5
7.8,0.25,0.37,1,0.043,10,80,0.99128,3.08,0.38,11.4,6
6.5,0.25,0.5,7.6,0.047,54,184,0.99572,3.17,0.45,9.2,5
7.8,0.25,0.37,1,0.043,10,80,0.99128,3.08,0.38,11.4,6
6.6,0.24,0.28,6.7,0.032,26,91,0.99172,3.13,0.32,12.3,6
6,0.32,0.3,1.9,0.033,41,142,0.98912,3.29,0.42,12.8,7
6,0.19,0.29,1.1,0.047,67,152,0.9916,3.54,0.59,11.1,6
5.8,0.18,0.37,1.2,0.036,19,74,0.98853,3.09,0.49,12.7,6
5.8,0.18,0.37,1.1,0.036,31,96,0.98942,3.16,0.48,12,6
6.9,0.38,0.29,13.65,0.048,52,189,0.99784,3,0.6,9.5,6
7.6,0.17,0.27,4.6,0.05,23,98,0.99422,3.08,0.47,9.5,6
6.9,0.38,0.29,13.65,0.048,52,189,0.99784,3,0.6,9.5,6
6.7,0.18,0.24,10.3,0.057,64,185,0.99519,3.12,0.5,10.6,5
6.6,0.16,0.21,6.7,0.055,43,157,0.99384,3.15,0.52,10.8,6
7.1,0.18,0.49,1.3,0.033,12,72,0.99072,3.05,0.53,11.3,6
7.6,0.2,0.26,4.8,0.033,26,76,0.99076,2.98,0.49,12.3,6
6.2,0.3,0.21,1.1,0.032,31,111,0.9889,2.97,0.42,12.2,6
6.2,0.3,0.21,1.1,0.032,31,111,0.9889,2.97,0.42,12.2,6
5.6,0.15,0.26,5.55,0.051,51,139,0.99336,3.47,0.5,11,6
7.8,0.22,0.26,9,0.047,38,132,0.997,3.25,0.53,10.2,6
6.6,0.18,0.28,1.7,0.041,53,161,0.99207,3.13,0.45,10.2,6
7,0.4,0.25,1.8,0.05,51,189,0.99174,3,0.55,11.4,6
6.4,0.22,0.32,4.9,0.046,50,156,0.99316,3.38,0.55,11.2,7
6.4,0.32,0.31,1.9,0.037,34,126,0.99,3.06,0.45,11.8,7
6.1,0.28,0.27,4.7,0.03,56,140,0.99042,3.16,0.42,12.5,7
8.8,0.39,0.35,1.8,0.096,22,80,0.99016,2.95,0.54,12.6,6
5.8,0.15,0.32,1.2,0.037,14,119,0.99137,3.19,0.5,10.2,6
8.9,0.3,0.35,4.6,0.032,32,148,0.99458,3.15,0.45,11.5,6
6.8,0.24,0.29,9.5,0.042,56,157,0.99586,3.11,0.51,10.1,6
6.7,0.64,0.3,1.2,0.03,18,76,0.9892,3.16,0.6,12.9,7
6.1,0.3,0.3,2.1,0.031,50,163,0.9895,3.39,0.43,12.7,7
6.3,0.29,0.28,4.7,0.059,28,81,0.99036,3.24,0.56,12.7,7
6.2,0.28,0.28,4.3,0.026,22,105,0.989,2.98,0.64,13.1,7
7.1,0.17,0.4,14.55,0.047,47,156,0.99945,3.34,0.78,9.1,6
8.2,0.34,0.29,5.2,0.076,19,92,0.99138,2.95,0.39,12.5,6
6.5,0.24,0.28,1.1,0.034,26,83,0.98928,3.25,0.33,12.3,6
6.7,0.3,0.44,18.5,0.057,65,224,0.99956,3.11,0.53,9.1,5
6.7,0.3,0.44,18.75,0.057,65,224,0.99956,3.11,0.53,9.1,5
6.6,0.15,0.32,6,0.033,59,128,0.99192,3.19,0.71,12.1,7
6.7,0.47,0.29,4.75,0.034,29,134,0.99056,3.29,0.46,13,7
6.7,0.24,0.3,3.85,0.042,105,179,0.99189,3.04,0.59,11.3,6
6.7,0.16,0.36,2,0.045,24,131,0.99284,3.3,0.59,10.5,6
5.8,0.22,0.3,1.1,0.047,36,131,0.992,3.26,0.45,10.4,6
7.5,0.21,0.32,4.8,0.056,39,113,0.99393,3.11,0.52,10.2,6
8,0.2,0.44,1,0.057,24,111,0.99158,3.09,0.32,11.2,6
6,0.28,0.27,15.5,0.036,31,134,0.99408,3.19,0.44,13,6
6,0.28,0.27,15.5,0.036,31,134,0.99408,3.19,0.44,13,6
7.5,0.33,0.28,4.9,0.042,21,155,0.99385,3.36,0.57,10.9,6
6.4,0.26,0.25,10.7,0.046,66,179,0.99606,3.17,0.55,9.9,6
5.9,0.23,0.24,3.8,0.038,61,152,0.99139,3.31,0.5,11.3,6
6,0.23,0.15,9.7,0.048,101,207,0.99571,3.05,0.3,9.1,6
5.3,0.36,0.27,6.3,0.028,40,132,0.99186,3.37,0.4,11.6,6
6.4,0.28,0.44,7.1,0.048,49,179,0.99528,3.15,0.48,9.2,5
7.2,0.24,0.28,1.9,0.032,30,92,0.9914,3.1,0.39,10.9,6
6.2,0.27,0.47,1.2,0.146,28,105,0.99224,3.23,0.51,10.1,6
8.1,0.26,0.27,4.3,0.03,43,123,0.99212,3.16,0.33,11.2,6
7.5,0.34,0.24,3.85,0.031,5,34,0.99098,3.01,0.36,11.8,6
7,0.48,0.12,4.5,0.05,23,86,0.99398,2.86,0.35,9,5
8,0.25,0.27,9.7,0.036,15,85,0.99406,2.99,0.36,11.2,6
7.8,0.15,0.34,1.1,0.035,31,93,0.99096,3.07,0.72,11.3,6
6.9,0.26,0.27,4.2,0.031,20,80,0.99089,3.12,0.39,11.5,6
7.3,0.23,0.27,2.6,0.035,39,120,0.99138,3.04,0.59,11.3,6
6.8,0.19,0.71,17.5,0.042,21,114,0.99784,2.85,0.5,9.5,5
5.6,0.28,0.28,4.2,0.044,52,158,0.992,3.35,0.44,10.7,6
6.7,0.35,0.48,8.8,0.056,35,167,0.99628,3.04,0.47,9.4,5
6.8,0.14,0.18,1.4,0.047,30,90,0.99164,3.27,0.54,11.2,6
6.8,0.14,0.18,1.4,0.047,30,90,0.99164,3.27,0.54,11.2,6
6.4,0.38,0.24,7.2,0.047,41,151,0.99604,3.11,0.6,9.2,5
7.2,0.24,0.3,1.2,0.037,11,95,0.98914,2.96,0.36,12.5,6
6.8,0.45,0.28,26.05,0.031,27,122,1.00295,3.06,0.42,10.6,5
6.4,0.38,0.2,5.3,0.117,57,181,0.99459,3.24,0.43,9.5,5
6.4,0.36,0.2,5.7,0.118,61,172,0.9946,3.24,0.43,9.5,5
6.6,0.3,0.25,8,0.036,21,124,0.99362,3.06,0.38,10.8,6
6.4,0.29,0.24,3.2,0.037,31,95,0.98942,2.9,0.66,12.6,7
7.3,0.31,0.25,6.65,0.032,30,138,0.99244,2.9,0.37,11.1,6
6.6,0.085,0.33,1.4,0.036,17,109,0.99306,3.27,0.61,9.5,6
5.8,0.275,0.3,5.4,0.043,41,149,0.9926,3.33,0.42,10.8,6
6.8,0.21,0.26,11.7,0.038,61,152,0.99523,3.02,0.56,10.5,6
5.9,0.37,0.32,1.6,0.029,41,102,0.98916,3.41,0.55,12.7,7
5.6,0.25,0.19,2.4,0.049,42,166,0.992,3.25,0.43,10.4,6
6.8,0.15,0.41,12.9,0.044,79.5,183,0.99742,3.24,0.78,10.2,6
7,0.22,0.26,9.2,0.027,37,122,0.99228,3.06,0.34,12.5,7
6.4,0.16,0.44,1.2,0.051,39,122,0.99058,3.11,0.75,11.3,7
6.3,0.22,0.34,1.2,0.036,32,96,0.98961,3.06,0.74,11.6,6
4.7,0.67,0.09,1,0.02,5,9,0.98722,3.3,0.34,13.6,5
6.3,0.2,0.18,10.6,0.045,57,159,0.99666,3.09,0.54,9.2,5
6.6,0.26,0.22,18.15,0.05,23,139,0.99904,3.06,0.5,9.2,6
7.7,0.31,0.23,2,0.069,29,134,0.99382,3.11,0.62,9.8,5
5.7,0.265,0.28,6.9,0.036,46,150,0.99299,3.36,0.44,10.8,6
6,0.21,0.29,13.1,0.042,28,125,0.99936,3.39,0.45,8.6,6
7,0.15,0.28,14.7,0.051,29,149,0.99792,2.96,0.39,9,7
7,0.15,0.28,14.7,0.051,29,149,0.99792,2.96,0.39,9,7
7,0.15,0.28,14.7,0.051,29,149,0.99792,2.96,0.39,9,7
6.3,0.28,0.29,6.8,0.051,40,143,0.99374,3.43,0.59,11,6
7.8,0.2,0.32,5,0.016,31,101,0.99186,2.99,0.39,11,6
6.9,0.4,0.17,12.9,0.033,59,186,0.99754,3.08,0.49,9.4,5
6.9,0.4,0.17,12.9,0.033,59,186,0.99754,3.08,0.49,9.4,5
6.3,0.24,0.29,13.7,0.035,53,134,0.99567,3.17,0.38,10.6,6
6.7,0.42,0.39,12.1,0.04,61,248,0.99794,3.31,0.58,9.7,6
6.5,0.33,0.28,6.1,0.018,41,103,0.99122,3.24,0.32,12.2,7
6.3,0.15,0.3,1.4,0.022,38,100,0.99099,3.42,0.57,11.4,7
6.5,0.32,0.45,7.7,0.022,31,97,0.99134,3.2,0.7,12.7,7
6.4,0.27,0.45,8.3,0.05,52,196,0.9955,3.18,0.48,9.5,5
7,0.3,0.28,2.2,0.042,21,177,0.99166,3.2,0.57,11.4,6
7.9,0.21,0.39,2,0.057,21,138,0.99176,3.05,0.52,10.9,5
7.2,0.17,0.34,6.4,0.042,16,111,0.99278,2.99,0.4,10.8,6
6.8,0.26,0.34,15.1,0.06,42,162,0.99705,3.24,0.52,10.5,6
6.3,0.43,0.32,8.8,0.042,18,106,0.99172,3.28,0.33,12.9,7
6.3,0.3,0.2,3.7,0.039,34,132,0.99158,3,0.38,10.7,6
6.9,0.28,0.28,12.2,0.042,52,139,0.99522,3.03,0.56,10.4,6
7.3,0.24,0.3,2.5,0.042,31,104,0.9911,3.05,0.56,11.3,6
7,0.15,0.29,16.4,0.058,45,110,0.9978,3.15,0.37,9.7,6
6.7,0.37,0.25,2.5,0.028,24,84,0.9909,3.14,0.36,11.7,6
6.4,0.32,0.23,16.2,0.055,36,176,0.9986,3.26,0.54,9.1,5
5.9,0.12,0.27,4.8,0.03,40,110,0.99226,3.55,0.68,12.1,7
6.2,0.22,0.3,12.4,0.054,108,152,0.99728,3.1,0.47,9.5,6
6.5,0.27,0.19,6.6,0.045,98,175,0.99364,3.16,0.34,10.1,6
7.3,0.36,0.54,13.3,0.054,63,193,0.99864,3.06,0.49,8.6,5
7.1,0.2,0.37,1.5,0.049,28,129,0.99226,3.15,0.52,10.8,6
6.2,0.27,0.26,12.1,0.046,43,127,0.9951,3.16,0.37,10.8,6
6.4,0.38,0.26,8.2,0.043,28,98,0.99234,2.99,0.31,11.4,6
7,0.25,0.33,2.1,0.021,17,76,0.99021,3.26,0.45,12.3,7
6.5,0.33,0.3,3.8,0.036,34,88,0.99028,3.25,0.63,12.5,8
7.2,0.25,0.32,1.5,0.054,24,105,0.99154,3.17,0.48,11.1,6
6.2,0.39,0.24,4.8,0.037,45,138,0.99174,3.23,0.43,11.2,7
6.2,0.28,0.51,7.9,0.056,49,206,0.9956,3.18,0.52,9.4,5
6.9,0.14,0.29,9.9,0.056,30,91,0.99512,3.19,0.33,9.9,6
6.5,0.22,0.31,3.9,0.046,17,106,0.99098,3.15,0.31,11.5,6
6.6,0.32,0.47,15.6,0.063,27,173,0.99872,3.18,0.56,9,5
6.1,0.28,0.26,1.5,0.03,25,101,0.98894,3.03,0.41,12.1,6
6.2,0.27,0.32,6.3,0.048,47,159,0.99282,3.21,0.6,11,6
6.4,0.2,0.15,6.6,0.046,26,113,0.99408,2.99,0.58,9.9,6
6.1,0.3,0.32,2.2,0.042,41,142,0.98952,3.31,0.44,12.7,7
7,0.16,0.3,2.6,0.043,34,90,0.99047,2.88,0.47,11.2,6
7,0.16,0.3,2.6,0.043,34,90,0.99047,2.88,0.47,11.2,6
6.5,0.29,0.52,7.9,0.049,35,192,0.99551,3.16,0.51,9.5,5
6.7,0.18,0.31,10.6,0.035,42,143,0.99572,3.08,0.49,9.8,6
6.1,0.22,0.25,12.1,0.035,54,135,0.99481,3.21,0.4,10.7,6
6.1,0.24,0.26,1.7,0.033,61,134,0.9903,3.19,0.81,11.9,7
7.3,0.23,0.41,14.6,0.048,73,223,0.99863,3.16,0.71,9.4,5
6.8,0.11,0.27,8.6,0.044,45,104,0.99454,3.2,0.37,9.9,6
6.8,0.14,0.35,1.5,0.047,40,117,0.99111,3.07,0.72,11.1,6
6.4,0.25,0.57,1,0.062,21,122,0.99238,3,0.4,9.5,5
6,0.26,0.29,3.1,0.041,37,144,0.98944,3.22,0.39,12.8,7
6.5,0.46,0.24,11.5,0.051,56,171,0.99588,3.08,0.56,9.8,5
6.8,0.27,0.22,17.8,0.034,16,116,0.9989,3.07,0.53,9.2,5
7.4,0.16,0.27,15.5,0.05,25,135,0.9984,2.9,0.43,8.7,7
7.4,0.16,0.27,15.5,0.05,25,135,0.9984,2.9,0.43,8.7,7
6.9,0.19,0.35,13.5,0.038,49,118,0.99546,3,0.63,10.7,6
6.2,0.24,0.22,7.9,0.053,45,149,0.99545,3.23,0.52,9.3,5
7.4,0.16,0.27,15.5,0.05,25,135,0.9984,2.9,0.43,8.7,7
5.8,0.23,0.21,1.5,0.044,21,110,0.99138,3.3,0.57,11,6
5.9,0.23,0.28,8.6,0.046,37,142,0.99432,3.23,0.53,10.6,6
6.4,0.14,0.28,7.9,0.057,21,82,0.99425,3.26,0.36,10,6
6.4,0.25,0.28,4.9,0.03,29,98,0.99024,3.09,0.58,12.8,7
6.6,0.21,0.34,5.6,0.046,30,140,0.99299,3.22,0.38,11,6
6.9,0.37,0.23,9.5,0.057,54,166,0.99568,3.23,0.42,10,5
6.9,0.45,0.27,4.7,0.035,17,80,0.99058,3.12,0.36,12.5,6
6.7,0.28,0.42,3.5,0.035,43,105,0.99021,3.18,0.38,12.2,6
7.6,0.4,0.27,1.2,0.053,23,193,0.99164,3.22,0.38,11.6,6
6,0.2,0.25,2,0.041,30,95,0.99078,3.27,0.56,11.1,6
6.8,0.18,0.35,5.4,0.054,53,143,0.99287,3.1,0.54,11,7
6.1,0.25,0.28,10,0.055,56,131,0.994,3.22,0.35,10.9,5
6.8,0.26,0.29,11.9,0.052,54,160,0.99546,3.03,0.58,10.4,5
6.2,0.2,0.25,15,0.055,8,120,0.99767,3.19,0.53,9.6,5
7.6,0.48,0.31,9.4,0.046,6,194,0.99714,3.07,0.61,9.4,5
5.8,0.23,0.31,3.5,0.044,35,158,0.98998,3.19,0.37,12.1,6
6.6,0.22,0.37,1.6,0.04,31,101,0.99009,3.15,0.66,12,6
6.8,0.34,0.27,5.2,0.06,14,169,0.99252,3.27,0.57,11.6,6
5.8,0.19,0.33,4.2,0.038,49,133,0.99107,3.16,0.42,11.3,6
7.5,0.38,0.56,9.7,0.055,15,170,0.99605,3.13,0.65,9.9,6
6.9,0.24,0.4,15.4,0.052,81,198,0.9986,3.2,0.69,9.4,5
5.3,0.33,0.3,1.2,0.048,25,119,0.99045,3.32,0.62,11.3,6
6.3,0.3,0.48,7.4,0.053,34,149,0.99472,3.18,0.53,9.8,6
7.9,0.36,0.53,12.9,0.049,63,139,0.99792,2.94,0.45,9.1,6
6.7,0.24,0.31,2.3,0.044,37,113,0.99013,3.29,0.46,12.9,7
6.1,0.25,0.3,1.2,0.036,42,107,0.991,3.34,0.56,10.8,7
7.1,0.38,0.42,11.8,0.041,32,193,0.99624,3.04,0.49,10,6
7,0.44,0.24,12.1,0.056,68,210,0.99718,3.05,0.5,9.5,5
7,0.44,0.24,12.1,0.056,68,210,0.99718,3.05,0.5,9.5,5
6.3,0.28,0.34,8.1,0.038,44,129,0.99248,3.26,0.29,12.1,6
5.4,0.22,0.35,6.5,0.029,26,87,0.99092,3.29,0.44,12.5,6
6.2,0.345,0.27,10.1,0.056,38,187,0.99486,3.31,0.56,10.6,6
7.5,0.35,0.37,2.5,0.066,29,89,0.98964,3.14,0.42,12.7,6
7.6,0.36,0.48,13.5,0.038,44,116,0.9982,3.04,0.48,9.2,5
5.5,0.23,0.19,2.2,0.044,39,161,0.99209,3.19,0.43,10.4,6
6,0.33,0.26,5.1,0.051,16,119,0.99416,3.15,0.41,9.2,6
6.2,0.36,0.22,5.25,0.038,44,145,0.99184,3.22,0.4,11.2,7
6,0.31,0.27,2.3,0.042,19,120,0.98952,3.32,0.41,12.7,7
6,0.29,0.27,2.3,0.044,20,117,0.9895,3.31,0.41,12.7,7
5.7,0.26,0.24,17.8,0.059,23,124,0.99773,3.3,0.5,10.1,6
6,0.2,0.26,6.8,0.049,22,93,0.9928,3.15,0.42,11,6
6,0.2,0.26,6.8,0.049,22,93,0.9928,3.15,0.42,11,6
5.7,0.26,0.24,17.8,0.059,23,124,0.99773,3.3,0.5,10.1,6
7,0.2,0.35,8.8,0.037,31,103,0.99388,3.13,0.49,11,7
7.1,0.39,0.39,11.1,0.034,25,204,0.99616,3.05,0.52,10,6
6.1,0.24,0.25,1.6,0.044,24,115,0.9921,3.39,0.59,10.9,7
6.1,0.24,0.27,11.5,0.05,51,133,0.99476,3.22,0.37,10.8,6
6.4,0.27,0.3,1.6,0.04,19,86,0.99089,3.32,0.65,11.5,7
6.4,0.42,0.19,9.3,0.043,28,145,0.99433,3.23,0.53,10.98,6
7.3,0.19,0.27,13.9,0.057,45,155,0.99807,2.94,0.41,8.8,7
7.3,0.19,0.27,13.9,0.057,45,155,0.99807,2.94,0.41,8.8,7
7.3,0.19,0.27,13.9,0.057,45,155,0.99807,2.94,0.41,8.8,7
7.4,0.27,0.52,15.7,0.054,36,139,0.99788,3.04,0.62,10.0333333333333,6
7.1,0.2,0.35,3.2,0.034,21,107,0.99195,3.11,0.54,11.1,6
7.2,0.34,0.28,10.4,0.108,43,187,0.99738,2.96,0.57,9.4,5
7.4,0.16,0.3,1.4,0.064,34,166,0.99136,3.11,0.42,11.4333333333333,6
7.2,0.34,0.2,5.8,0.062,52,203,0.99461,3.17,0.44,9.8,5
6.5,0.2,0.33,1.5,0.039,36,110,0.99008,3.22,0.65,12,6
6.3,0.19,0.33,10.1,0.063,63,133,0.99561,2.86,0.41,9.1,7
7.1,0.31,0.25,11.2,0.048,32,136,0.99663,3.14,0.4,9.5,5
6.4,0.29,0.21,9.65,0.041,36,119,0.99334,2.99,0.34,10.9333333333333,6
6.1,0.26,0.28,1.7,0.043,24,98,0.98918,3.14,0.44,12.5,6
5.7,0.31,0.29,7.3,0.05,33,143,0.99332,3.31,0.5,11.0666666666667,6
6.4,0.3,0.27,5,0.058,27,151,0.99198,3.22,0.49,12.2,7
7.4,0.27,0.26,11.8,0.053,55,173,0.99699,3.11,0.6,9.8,6
6.8,0.43,0.26,5.2,0.043,40,176,0.99116,3.17,0.41,12.3,7
5.7,0.29,0.16,7.9,0.044,48,197,0.99512,3.21,0.36,9.4,5
5.8,0.3,0.38,4.9,0.039,22,86,0.98963,3.23,0.58,13.1,7
5.8,0.3,0.38,4.9,0.039,22,86,0.98963,3.23,0.58,13.1,7
6.3,0.32,0.26,12.3,0.044,24,205,0.99611,3.11,0.58,9.9,6
6.1,0.31,0.34,2.8,0.042,59.5,162,0.99179,3.27,0.47,10.8,6
6.6,0.38,0.28,2.8,0.043,17,67,0.98924,3.21,0.47,13.2,7
7.3,0.3,0.25,2.5,0.045,32,122,0.99329,3.18,0.54,10.3,6
6.9,0.29,0.25,12.2,0.04,29,136,0.99552,3.05,0.65,10.4,6
6.3,0.3,0.19,7.7,0.049,47,184,0.99514,3.22,0.48,9.5,5
6.6,0.26,0.56,15.4,0.053,32,141,0.9981,3.11,0.49,9.3,6
6.2,0.21,0.24,1.2,0.051,31,95,0.99036,3.24,0.57,11.3,6
6.2,0.2,0.28,1.1,0.039,24,78,0.9899,3.36,0.47,12.1,6
5.7,0.25,0.22,9.8,0.049,50,125,0.99571,3.2,0.45,10.1,6
6.4,0.15,0.25,7.8,0.05,13,68,0.99394,3.16,0.4,9.9,6
7.8,0.27,0.33,2.4,0.053,36,175,0.992,3.2,0.55,11,6
6.6,0.54,0.21,16.3,0.055,41,182,0.9986,3.35,0.54,10.4,5
6.8,0.33,0.3,2.1,0.047,35,147,0.9886,3.24,0.56,13.4,7
9,0.2,0.33,3.5,0.049,10,40,0.9944,3.14,0.36,9.8,6
5.8,0.13,0.22,12.7,0.058,24,183,0.9956,3.32,0.42,11.7,6
6.6,0.16,0.25,9.8,0.049,59.5,137,0.995,3.16,0.38,10,6
8.3,0.18,0.37,1.2,0.049,6,94,0.9937,3.18,0.52,10.1,6
7.1,0.09,0.3,6.2,0.032,24,134,0.993,2.99,0.39,10.9,7
8.3,0.14,0.36,8.8,0.026,13,60,0.9956,3.13,0.35,11.05,6
6.9,0.28,0.37,9.1,0.037,16,76,0.9948,3.05,0.54,11.1,6
5.8,0.28,0.3,3.9,0.026,36,105,0.98963,3.26,0.58,12.75,7
6.3,0.25,0.53,1.8,0.021,41,101,0.989315,3.19,0.31,13,6
5.9,0.29,0.32,1.4,0.022,17,47,0.9899,3.35,0.35,11.5,6
6.4,0.46,0.22,14.7,0.047,51,183,0.998275,3.39,0.6,10.5,5
6.1,0.2,0.4,1.9,0.028,32,138,0.9914,3.26,0.72,11.7,7
6.1,0.37,0.46,12,0.042,61,210,0.997,3.17,0.59,9.7,6
5.8,0.29,0.15,1.1,0.029,12,83,0.9898,3.3,0.4,11.4,6
5.6,0.22,0.32,1.2,0.024,29,97,0.98823,3.2,0.46,13.05,6
6.8,0.32,0.23,3.3,0.026,31,99,0.9896,3.1,0.4,12.4,7
6,0.27,0.26,1.3,0.038,32,138,0.99125,3.46,0.43,11.1,6
6.5,0.16,0.33,1,0.027,23,75,0.9908,3.3,0.39,11.4,6
8.3,0.22,0.34,1.1,0.043,20,116,0.9927,3,0.47,10.2,5
6.9,0.29,0.32,5.8,0.04,16,112,0.993,3.04,0.58,11.2,6
5.9,0.42,0.36,2.4,0.034,19,77,0.99184,3.25,0.48,10.9,6
5.8,0.27,0.2,7.3,0.04,42,145,0.99442,3.15,0.48,9.8,5
6.1,0.44,0.28,4.25,0.032,43,132,0.9916,3.26,0.47,11.3,7
6.6,0.21,0.39,2.3,0.041,31,102,0.99221,3.22,0.58,10.9,7
6.5,0.21,0.35,5.7,0.043,47,197,0.99392,3.24,0.5,10.1,6
5.9,0.18,0.28,1,0.037,24,88,0.99094,3.29,0.55,10.65,6
5.6,0.695,0.06,6.8,0.042,9,84,0.99432,3.44,0.44,10.2,5
7.1,0.43,0.25,2.8,0.036,43,132,0.98975,3.21,0.47,13.4,7
4.9,0.335,0.14,1.3,0.036,69,168,0.99212,3.47,0.46,10.4666666666667,6
5.6,0.27,0.37,0.9,0.025,11,49,0.98845,3.29,0.33,13.1,7
6,0.24,0.34,1,0.036,52,184,0.99097,3.44,0.44,11.45,6
6.8,0.3,0.33,12.8,0.041,60,168,0.99659,3.1,0.56,9.8,6
6.4,0.69,0.09,7.6,0.044,34,144,0.9948,3.26,0.38,10.1,5
5.9,0.12,0.28,1.4,0.037,36,83,0.99074,3.33,0.42,10.9,6
6.1,0.22,0.4,1.85,0.031,25,111,0.98966,3.03,0.3,11.8,6
5.6,0.205,0.16,12.55,0.051,31,115,0.99564,3.4,0.38,10.8,6
5.4,0.33,0.31,4,0.03,27,108,0.99031,3.3,0.43,12.2,7
6.7,0.15,0.32,7.9,0.034,17,81,0.99512,3.29,0.31,10,6
6.1,0.32,0.33,10.7,0.036,27,98,0.99521,3.34,0.52,10.2,7
6.9,0.31,0.33,12.7,0.038,33,116,0.9954,3.04,0.65,10.4,6
6,0.25,0.28,7.7,0.053,37,132,0.99489,3.06,0.5,9.4,5
7.2,0.21,0.31,10.5,0.035,36,122,0.99478,3.12,0.4,10.6,7
6,0.17,0.36,1.7,0.042,14,61,0.99144,3.22,0.54,10.8,6
6.1,0.24,0.32,9,0.031,41,134,0.99234,3.25,0.26,12.3,6
6.1,0.27,0.31,3.9,0.034,42,137,0.99218,3.24,0.46,10.9,6
7.3,0.36,0.62,7.1,0.033,48,185,0.99472,3.14,0.62,10.6,6
6.4,0.19,0.35,10.2,0.043,40,106,0.99632,3.16,0.5,9.7,6
6,0.38,0.26,3.5,0.035,38,111,0.98872,3.18,0.47,13.6,7
6.6,0.19,0.25,1.2,0.052,34,181,0.99352,3.3,0.42,9.4,6
5.5,0.62,0.33,1.7,0.037,24,118,0.98758,3.15,0.39,13.55,7
6,0.32,0.3,7.3,0.174,46,159,0.99519,3.18,0.49,9.4,5
5.7,0.33,0.32,1.4,0.043,28,93,0.9897,3.31,0.5,12.3,7
6.4,0.105,0.29,1.1,0.035,44,140,0.99142,3.17,0.55,10.7,6
6,0.35,0.46,0.9,0.033,9,65,0.98934,3.24,0.35,12.1,6
7.3,0.35,0.67,8.3,0.053,10,100,0.9959,3.19,0.5,10.9,5
5.4,0.375,0.4,3.3,0.054,29,147,0.99482,3.42,0.52,9.1,6
6.4,0.23,0.35,10.3,0.042,54,140,0.9967,3.23,0.47,9.2,5
6.5,0.28,0.38,7.8,0.031,54,216,0.99154,3.03,0.42,13.1,7
5.7,0.22,0.25,1.1,0.05,97,175,0.99099,3.44,0.62,11.1,6
4.4,0.54,0.09,5.1,0.038,52,97,0.99022,3.41,0.4,12.2,7
6.2,0.23,0.38,1.6,0.044,12,113,0.99176,3.3,0.73,11.4,6
6,0.52,0.33,7.7,0.046,24,119,0.99224,3.04,0.38,11,6
6,0.41,0.23,1.1,0.066,22,148,0.99266,3.3,0.47,9.63333333333333,6
5.7,0.41,0.21,1.9,0.048,30,112,0.99138,3.29,0.55,11.2,6
6.1,0.32,0.28,6.6,0.021,29,132,0.99188,3.15,0.36,11.45,6
5,0.2,0.4,1.9,0.015,20,98,0.9897,3.37,0.55,12.05,6
7.4,0.22,0.26,1.2,0.035,18,97,0.99245,3.12,0.41,9.7,6
6.2,0.38,0.42,2.5,0.038,34,117,0.99132,3.36,0.59,11.6,7
6.6,0.34,0.4,8.1,0.046,68,170,0.99494,3.15,0.5,9.53333333333333,5
5.5,0.32,0.13,1.3,0.037,45,156,0.99184,3.26,0.38,10.7,6
6.6,0.34,0.4,8.1,0.046,68,170,0.99494,3.15,0.5,9.55,5
6.2,0.41,0.22,1.9,0.023,5,56,0.98928,3.04,0.79,13,6
6.5,0.23,0.38,1.3,0.032,29,112,0.99298,3.29,0.54,9.7,6
6.2,0.21,0.29,1.6,0.039,24,92,0.99114,3.27,0.5,11.2,6
